ID,ID exhibitor,Ponente (para facilitar ver la relación con spk_XXX),Título del evento,Descripción evento,Categoría,Color biotech,Tipo de actividad,Día,Hora inicio,Hora fin,Ubicación,Enlace Maps,Idioma
evt_011,spk_002,Benedetta Bolognesi,Understanding protein aggregation at scale,"La agregación de proteínas juega un papel central en muchas enfermedades, pero sus orígenes genéticos y moleculares son difíciles de determinar. Los ensayos multiplexados de efectos de variantes nos permiten medir miles de variantes a la vez. Este enfoque a gran escala posibilita tres avances clave: (1) mejorar la interpretación clínica de variantes genéticas halladas en pacientes o individuos sanos; (2) descubrir los mecanismos fundamentales que gobiernan el plegamiento, mal plegamiento y agregación de proteínas; y (3) generar conjuntos de datos grandes y de alta calidad que permitan entrenar modelos de IA de próxima generación para predecir el comportamiento de las proteínas con mayor precisión.",bioBAC,Computacional,Ponencia,2026/07/08,13:15:00,14:00:00,Sala de Graus,Universitat Autònoma de Barcelona,Español
evt_012,spk_004,Juan José Calvete,Omics platforms for the preclinical assessment of snake antivenom,"El envenenamiento por mordedura de serpiente es una enfermedad desatendida que provoca un enorme sufrimiento, discapacidad y muerte prematura, especialmente en Asia y África. La 71.ª Asamblea Mundial de la Salud adoptó una resolución que insta a una respuesta coordinada para mitigar su impacto. Hemos desarrollado plataformas para caracterizar las composiciones del veneno («Venómica»), determinar la toxicidad de las toxinas individuales («Toxicovénomica»), evaluar la capacidad de unión a toxinas de los antivenenos («Antivénomica») y determinar su potencia neutralizante in vivo. Se presentará la participación de nuestro laboratorio en el Plan de Acción de la OMS.",bioBAC,"Salud, Bio sintética",Ponencia,2026/07/10,10:00:00,10:45:00,Sala d'Actes (C0),Universitat Autònoma de Barcelona,Español
evt_013,spk_001,Antonio Ferrer Montiel,Bringing Science to the Patient,"Se abordará el proceso de transformar el conocimiento biológico y biomédico en productos y servicios de valor para los pacientes. La ponencia se centrará en los avances logrados en el traslado de soluciones innovadoras para el cuidado continuo del paciente oncológico, destacando cómo la investigación básica puede culminar en aplicaciones clínicas que mejoren significativamente la calidad de vida.",bioBAC,Salud,Ponencia,2026/07/10,11:30:00,12:15:00,Sala de Graus,Universitat Autònoma de Barcelona,Español
evt_014,spk_006,Silvia Osuna Oliveras,Computational design of enzymes for a more sustainable world,"Esta ponencia destaca la importancia de la catálisis enzimática y las ventajas de la biocatálisis para construir un futuro industrial más sostenible. Se analizarán los últimos avances en el campo de la inteligencia artificial aplicada a la biología, mostrando cómo estas herramientas computacionales están revolucionando el diseño de nuevas enzimas y optimizando procesos biotecnológicos clave para la sociedad actual.",bioBAC,"Computacional, Industrial",Ponencia,2026/07/08,12:30:00,13:15:00,Sala d'Actes (C0),Universitat Autònoma de Barcelona,Español
evt_015,spk_003,Benjamí Oller,Toward selective and brain-permeable protein therapeutics,"Los bioterapéuticos han logrado avances clínicos importantes en cáncer y otras enfermedades, pero persisten retos clave. Muchas dianas terapéuticas se expresan tanto en tejidos enfermos como sanos, generando toxicidades limitantes de dosis. Para las indicaciones neurológicas, la administración eficiente a través de la barrera hematoencefálica (BHE) supone un obstáculo adicional. En esta ponencia presentaré los esfuerzos de nuestro grupo para diseñar bioterapéuticos de activación condicional y potenciar su transporte a través de la BHE, con el objetivo de mejorar la eficacia y minimizar los efectos fuera de la diana.",bioBAC,Salud,Ponencia,2026/07/09,9:45:00,10:30:00,Sala d'Actes (C0),Universitat Autònoma de Barcelona,Español
evt_016,spk_005,Nuria Sanchez Coll,Metabolic engineering for resistance against pathogens in plants,"Las enfermedades causadas por patógenos vasculares son un grave problema para la agricultura porque bloquean el sistema de transporte de agua de las plantas, provocando su marchitamiento y muerte. Mediante ingeniería genética y metabólica mostraremos cómo introducir la resistencia a patógenos vasculares en variedades comerciales de tomate, reforzando las paredes de los vasos conductores y produciendo compuestos de defensa que frenan la propagación del patógeno. Modificar estos mecanismos de defensa puede aumentar la resistencia y contribuir al desarrollo de cultivos más resilientes.",bioBAC,Vegetal,Ponencia,2026/07/09,12:00:00,12:45:00,Sala d'Actes (C0),Universitat Autònoma de Barcelona,Español
evt_025,spk_010,Enrique Asin Garcia,"Chimeras, Sentinels, and traces of Modernism: Reprogramming cells for biointelligent bioprocesses and complex environments","La biotecnología está evolucionando desde entornos de laboratorio controlados hacia ambientes complejos y ricos en información. En esta charla exploraré cómo las arquitecturas sensoras «quiméricas», los microbios centinela y el diseño de alta densidad y biointegración están redefiniendo lo que las células pueden percibir y comunicar. Presentaré avances recientes en biosensores microbianos de células completas, reporteros electroquímicos y ópticos, y biofactorías microbianas resilientes diseñadas para operar de forma fiable en condiciones industriales y ambientales fluctuantes, todo bajo los principios de Seguridad y Sostenibilidad por Diseño.",bioBAC,Bio sintética,Ponencia,2026/07/09,12:45:00,13:30:00,Sala d'Actes (C0),Universitat Autònoma de Barcelona,Español
evt_028,spk_011,Martin Floor Pilquil,"The Good, the Bad and the Ugly: AI for Enzyme Discovery","Esta charla explora cómo el aprendizaje automático y el modelado molecular pueden contribuir al descubrimiento y la ingeniería de enzimas en sistemas diversos, a partir de la experiencia de nuestro laboratorio. Se presentan casos reales de bioprospección guiada por simulación, predicción de expresión, diseño de actividad e interpretación de datos experimentales, destacando tanto los éxitos como las limitaciones recurrentes y los casos en que el uso de la IA no justifica el esfuerzo. El objetivo es ofrecer una visión crítica y aplicada de su valor práctico.",bioBAC,Computacional,Ponencia,2026/07/10,10:45:00,11:30:00,Sala d'Actes (C0),Universitat Autònoma de Barcelona,Español
evt_029,spk_012,Francesc Gòdia Casablancas,MELiSSA: Regenerative Life Support for Humans in Space,"MELiSSA (Micro Ecological Life Support System Alternative) está desarrollando tecnologías regenerativas de soporte vital para misiones de exploración espacial humana de larga duración. En el escenario de misiones hacia mayores distancias y presencia en el espacio (Luna, Marte), es necesario reducir la dependencia del suministro desde la Tierra. El bucle MELiSSA está concebido como un sistema circular con varios compartimentos, cada uno realizando una función específica y proporcionando en conjunto las funciones básicas del soporte vital: producción de alimentos, regeneración de la atmósfera y recuperación del agua.",bioBAC,Industrial,Ponencia,2026/07/08,10:00:00,11:00:00,Auditori de Lletres,Universitat Autònoma de Barcelona,Español
evt_030,spk_013,Elisabeth Engel Lopez,Engineering microenviroments for biomedical applications,"Los biomateriales se han utilizado durante mucho tiempo en medicina regenerativa como andamios o vehículos de administración. Sin embargo, evidencias crecientes demuestran que interactúan activamente con su entorno biológico. Comprendiendo cómo las células detectan las propiedades de los materiales y cómo los productos de degradación impulsan respuestas metabólicas y transcripcionales, diseñamos microentornos que controlan el destino celular. Esta estrategia se aplica no solo a la regeneración, sino también a microentornos de enfermedad como los nichos tumorales.",bioBAC,Industrial,Ponencia,2026/07/08,13:15:00,14:00:00,Aula PEP Vendrell (C0/1434.),Universitat Autònoma de Barcelona,Español
evt_031,spk_014,Marta Cascante,From Metabolic Fluxes to Genome‑Scale Modeling: Targeting Cancer Vulnerabilities,"La reprogramación metabólica es una característica distintiva del cáncer, pero su interpretación funcional sigue siendo limitada. Esta presentación muestra cómo el análisis quantitative del flujo metabólico revela adaptaciones relevantes en el cáncer colorrectal que no se capturan mediante la expresión génica o los niveles de metabolitos por sí solos. La integración de datos de flujo en modelos metabólicos a escala genómica descubrió una reorganización metabólica vinculada a la respuesta terapéutica, la resistencia a fármacos y la progresión metastásica, identificando vulnerabilidades accionables y permitiendo la subtipificación metabólica y la predicción de sensibilidad diferencial a fármacos.",bioBAC,Salud,Ponencia,2026/07/09,12:45:00,13:30:00,Sala de Graus,Universitat Autònoma de Barcelona,Español
evt_033,spk_028,Julia García Prado,Preparing for future pandemics and post-pandemics,"La charla abordará cómo la biotecnología contribuye a la preparación frente a futuras pandemias y a la gestión del periodo post‑pandémico. Se revisarán lecciones clave del COVID‑19, con especial atención al desarrollo rápido de vacunas, la vigilancia genómica, los diagnósticos avanzados y el uso de plataformas tecnológicas como el ARNm. También se tratarán los desafíos de producción, equidad y transferencia tecnológica. Finalmente, se analizará el papel de la biotecnología en la prevención, la salud pública y la construcción de sociedades más resilientes.",bioBAC,Industrial,Ponencia,2026/07/09,12:00:00,12:45:00,Sala de Graus,Universitat Autònoma de Barcelona,Español
evt_035,spk_029,David Baker,Design of new protein functions using deep learning,"David Baker presentará cómo el aprendizaje profundo ha revolucionado el diseño de proteínas de novo. Su grupo ha desarrollado métodos capaces de crear proteínas con estructuras y funciones inexistentes en la naturaleza, desde nuevas enzimas y proteínas de unión hasta máquinas moleculares. Esta plenaria mostrará el estado del arte del diseño computacional de proteínas, trabajo que le valió el Premio Nobel de Química 2024.",bioBAC,Computacional,Ponencia,2026/07/09,18:00:00,19:00:00,Auditori de Lletres,Universitat Autònoma de Barcelona,Inglés
evt_071,spk_034,Antonio Molina,Cell wall signals – mediated vegetative immunity,"En esta charla se presentarán los avances más recientes del grupo en la identificación y caracterización de oligosacáridos derivados de la pared celular vegetal capaces de activar las defensas naturales de las plantas. Estos compuestos son reconocidos por receptores específicos descubiertos por el propio grupo, lo que ha permitido desvelar nuevos mecanismos de percepción y activación de la inmunidad vegetal.

Además, se mostrará cómo este conocimiento fundamental se está trasladando a aplicaciones prácticas para una agricultura más sostenible. En particular, se abordará el desarrollo de productos biológicos innovadores capaces de estimular las defensas de los cultivos y reducir la dependencia de fitosanitarios de síntesis química, contribuyendo así a una producción agrícola más respetuosa con el medio ambiente.",bioBAC,Vegetal,Ponencia,2026/07/09,13:30:00,14:15:00,Sala d'Actes (C0),Universitat Autònoma de Barcelona,Español
evt_072,spk_037,L. Maria Lois,SUMO and Plant Biotechnology: Understanding Regulation for Crop Innovation,"Las modificaciones postraduccionales son mecanismos esenciales que permiten a las células adaptar rápidamente su funcionamiento a los cambios del entorno. Entre ellas, SUMO (Small Ubiquitin-like Modifier) destaca por su papel como regulador de la actividad de numerosas proteínas, actuando como una especie de “interruptor molecular” que modifica su localización, estabilidad e interacciones.

En esta charla exploraremos cómo la SUMOilación participa en procesos clave de la biología vegetal, desde el desarrollo de las plantas hasta su respuesta frente a situaciones de estrés ambiental. Además, abordaremos por qué el estudio de esta vía reguladora está despertando un gran interés en el ámbito de la biotecnología agrícola y cómo podría contribuir al diseño de cultivos más resilientes y preparados para los desafíos climáticos del futuro.",bioBAC,Vegetal,Ponencia,2026/07/10,11:30:00,12:15:00,Aula PEP Vendrell (C0/1434.),Universitat Autònoma de Barcelona,Español
evt_073,spk_043,Moises Exposito Alonso,SIN TÍTULO,SIN DESCRIPCIÓN,bioBAC,Vegetal,Ponencia,2026/07/09,9:00:00,9:45:00,Auditori de Lletres,Universitat Autònoma de Barcelona,Español
evt_074,spk_044,Cristina Romera,El papel del océano en el secuestro de carbono,"Cristina Romera-Castillo es oceanógrafa y científica marina especializada en el papel del océano en el ciclo global del carbono, con especial énfasis en la materia orgánica disuelta (DOM, por sus siglas en inglés) y el carbono orgánico disuelto (DOC). Su investigación ha contribuido a comprender cómo el océano secuestra y almacena carbono durante escalas de tiempo que van desde décadas hasta miles de años, y cómo procesos biológicos, la disponibilidad de nutrientes y la circulación oceánica controlan la producción, acumulación y transporte de carbono orgánico disuelto. También ha estudiado el destino del carbono derivado de la contaminación por plásticos y su interacción con las comunidades microbianas marinas.",bioBAC,Marina,Ponencia,2026/07/08,12:30:00,13:15:00,Sala de Graus,Universitat Autònoma de Barcelona,Español
evt_075,spk_045,Malu Calle,SIN TÍTULO,SIN DESCRIPCIÓN,bioBAC,Computacional,Ponencia,2026/07/09,9:45:00,10:30:00,Sala de Graus,Universitat Autònoma de Barcelona,Español
evt_076,"spk_046, biz_018","IQS Tech Transfer, IQS",SIN TÍTULO,SIN DESCRIPCIÓN,bioBAC,Industrial,Ponencia,2026/07/10,10:00:00,10:45:00,Sala d'Actes (C0),Universitat Autònoma de Barcelona,Español
evt_077,spk_047,Magda Faijes,SIN TÍTULO,SIN DESCRIPCIÓN,bioBAC,"Bio sintética, Industrial",Ponencia,2026/07/10,10:45:00,11:30:00,Sala de Graus,Universitat Autònoma de Barcelona,Español
evt_078,spk_048,BIOBAC14,SIN TÍTULO,SIN DESCRIPCIÓN,bioBAC,No aplica,Ponencia,2026/07/09,13:30:00,14:15:00,Sala de Graus,Universitat Autònoma de Barcelona,Español
evt_017,"spk_020, spk_023, spk_025","Gerard Caelles, Jordi Xiol, Lluís Ruíz Ávila",Mesa Redonda: Ecosistema Emprendedor e Inversión,"Un espacio dedicado a la innovación y el negocio. Contaremos con la participación de Venture Capitals y fundadores de Startups, quienes desgranarán las claves del emprendimiento, las rondas de financiación y cómo transformar una idea científica en un proyecto empresarial viable.",businessBAC,Biobusiness,Mesa redonda,2026/07/09,15:45:00,17:15:00,Auditori de Lletres,Universitat Autònoma de Barcelona,Español
evt_018,"spk_021, spk_030, spk_031","Joan Domingo, Mariona Serra, Miguel Galán",Mesa Redonda: Del grado al mundo profesional,"Explora la transición de la universidad a la empresa de la mano de expertos consolidados en diversos sectores de la industria. A través de sus trayectorias, analizaremos las distintas salidas profesionales y los retos actuales para ayudarte a trazar tu propio camino estratégico en el sector biotecnológico.",businessBAC,Desarrollo profesional,Mesa redonda,2026/07/08,15:00:00,16:30:00,Auditori de Lletres,Universitat Autònoma de Barcelona,Español
evt_032,spk_027,Paquita Escoi,Cosechas inteligentes: de la innovación al reto real,"Paquita Escoi abordará cómo la visión artificial, el análisis inteligente y la IA generativa están revolucionando el control de calidad y la toma de decisiones en tiempo real en la postcosecha. Una visión aplicada e industrial sobre cómo la agricultura está evolucionando gracias a los grandes avances tecnológicos, y cómo los biotecnólogos pueden contribuir integrándose en entornos altamente tecnificados para resolver los retos del futuro.",businessBAC,Vegetal,Ponencia,2026/07/10,10:45:00,11:30:00,Aula PEP Vendrell (C0/1434.),Universitat Autònoma de Barcelona,Español
evt_034,spk_016,Ariadna Grau,Diseño y validación de activos cosméticos biotecnológicos: del mecanismo de acción al claim,"Ariadna Grau, Responsable de I+D en LipoTrue, presentará cómo se diseñan y validan ingredientes activos innovadores para la industria dermocosmética, desde la identificación del mecanismo de acción molecular hasta la generación de evidencia científica que sustenta las claims del producto final. Una visión aplicada que conecta la química orgánica, la biología celular y la evaluación funcional en el desarrollo industrial de activos cosméticos.",businessBAC,Industrial,Ponencia,2026/07/09,9:45:00,10:30:00,Aula PEP Vendrell (C0/1434.),Universitat Autònoma de Barcelona,Español
evt_042,spk_022,Jordi Ruano,De la investigación al impacto global liderando el bioproceso en la era One Health,"Jordi Ruano, actual Executive Director de Operaciones para la División de Salud Humana en HIPRA, cuenta con más de 25 años de experiencia liderando el diseño, escalado y operación de bioprocesos complejos bajo normativas GMP, abarcando desde la fabricación de antígenos y proteínas recombinantes hasta el llenado aséptico de vacunas. Su trayectoria se alinea directamente con su ponencia, ""De la investigación al impacto global liderando el bioproceso en la era One Health"", ya que su rol actual consiste precisamente en traducir la innovación científica en una estrategia operativa y escalable. Al gestionar la fabricación y el suministro global de soluciones preventivas en HIPRA —una compañía enfocada en la salud animal y humana—, Ruano ejemplifica cómo la excelencia en el bioproceso es la clave para conectar la investigación en el laboratorio con un impacto real y global en la salud pública.",businessBAC,Industrial,Ponencia,2026/07/10,13:15:00,14:15:00,Auditori de Lletres,Universitat Autònoma de Barcelona,Español
evt_043,spk_018,Coté Falaguera,AI-ready data en la industria farmacéutica: retos y oportunidades,"Coté Falaguera es Senior Data Developer en el hub de AstraZeneca de Barcelona, donde trabaja en el desarrollo y preparación de datos para productos de inteligencia artificial. Biotecnóloga de formación, cuenta con un máster y un doctorado en Bioinformática por la Universidad Pompeu Fabra, y ha desarrollado su trayectoria profesional entre la academia y la industria, incluyendo etapas en el Instituto Europeo de Bioinformática (EMBL-EBI) y la Universidad de Stanford. Su perfil multidisciplinar, en la intersección entre las ciencias de la vida, la bioinformática y la inteligencia artificial, se vincula directamente con su ponencia, “AI-ready data en la industria farmacéutica: retos y oportunidades”, en la que compartirá su experiencia en uno de los ámbitos de mayor crecimiento dentro del sector farmacéutico y biotecnológico.",businessBAC,Computacional,Ponencia,2026/07/08,12:30:00,13:15:00,Aula PEP Vendrell (C0/1434.),Universitat Autònoma de Barcelona,Español
evt_044,spk_015,Albert Font,Emprender en biotech: de la visión a la realidad industrial,"La charla abordará los desafíos de crear y escalar una CDMO desde cero: financiación, construcción de equipo, decisiones técnicas críticas y cómo convertir una necesidad del mercado en una empresa viable.",businessBAC,Industrial,Ponencia,2026/07/09,12:45:00,13:30:00,Aula PEP Vendrell (C0/1434.),Universitat Autònoma de Barcelona,Español
evt_045,spk_017,Avencia Sánchez-Mejías,Aceleradora de Innovación. La historia de Integra como ejemplo de transferencia tecnológica en terapias avanzadas,"Avencia Sánchez-Mejías, CEO y cofundadora de Integra Therapeutics, combina una sólida carrera científica internacional en genética y biología sintética con una destacada experiencia en gestión empresarial y transferencia tecnológica. Bajo su liderazgo, la compañía ha crecido rápidamente, desarrollando la plataforma FiCAT de escritura genética, atrayendo 24 millones de euros en inversión y avanzando hacia la fase regulatoria con el fin de crear terapias avanzadas más seguras y efectivas. Esta trayectoria personifica a la perfección el título de su ponencia, ""Aceleradora de Innovación. La historia de Integra como ejemplo de transferencia tecnológica en terapias avanzadas"", ya que el éxito de su empresa sirve como el caso de estudio ideal sobre cómo llevar la investigación de excelencia desde el laboratorio académico (en su caso, surgido de la Universidad Pompeu Fabra) hasta la industria, acelerando la conversión del conocimiento científico en soluciones terapéuticas reales para los pacientes.",businessBAC,Salud,Ponencia,2026/07/10,11:30:00,12:15:00,Sala d'Actes (C0),Universitat Autònoma de Barcelona,Español
evt_046,spk_020,Gerard Caelles,"From Academic Innovation to the Clinic: The Good, the Bad and the Ugly of SpliceBio’s Journey","Gerard Caelles, Chief Business Officer (CBO) of SpliceBio, is a key figure in the biotechnology entrepreneurship ecosystem, specializing in business development and biofarmaceutical product valuation to bridge the gap between scientific innovation and venture capital. His strategic vision was instrumental in scaling SpliceBio—a Princeton University spin-off based in Barcelona—into a global pioneer in gene therapy by leveraging an intein-based platform to overcome traditional viral vector limitations and securing historic international funding rounds. His profile perfectly aligns with his keynote, ""From Academic Innovation to the Clinic: The Good, the Bad and the Ugly of SpliceBio’s Journey"", where he will dissect the company's trajectory to provide a deeply realistic and analytical look at how a disruptive academic technology transitions to the global market, addressing the business development structures, venture capital negotiations, and intellectual property protections that define the complex path from laboratory to clinic.",businessBAC,Salud,Ponencia,2026/07/09,13:30:00,14:15:00,Aula PEP Vendrell (C0/1434.),Universitat Autònoma de Barcelona,Inglés
evt_047,spk_024,Laure Burtin,No tenía un plan maestro: lecciones reales de una carrera en biotecnología.,"Laure Burtin es una referente internacional en el desarrollo de terapias biológicas y optimización de bioprocesos con una destacada trayectoria ejecutiva que abarca roles de vicepresidencia y el liderazgo de proyectos de alto impacto en multinacionales como Sanofi, LETI Pharma y Almirall. Su recorrido profesional y su enfoque actual como asesora estratégica se vinculan de manera directa con su ponencia, ""No tenía un plan maestro: lecciones reales de una carrera en biotecnología"", ya que en ella compartirá una visión genuina y transparente sobre el liderazgo. Lejos de las trayectorias lineales preestablecidas, Burtin utilizará su propia experiencia para demostrar cómo la gestión humana, la empatía, la ""duda constructiva"" y la adaptabilidad ante la incertidumbre han sido los verdaderos motores de su éxito, ofreciendo a las nuevas generaciones una lección invaluable sobre cómo construir una carrera de alta exigencia corporativa desde la autenticidad y sin la necesidad de un guion rígido.",businessBAC,Industrial,Ponencia,2026/07/08,13:15:00,14:00:00,Sala d'Actes (C0),Universitat Autònoma de Barcelona,Español
evt_048,spk_019,Estel·la Buscató,Impulsa tu carrera estelar: gestión de innovación y crecimiento profesional,"Estel·la Buscató, referente en la gestión estratégica de pipelines de I+D en Bayer, se especializa en la intersección entre la biotecnología agrícola, el análisis avanzado y la toma de decisiones para transformar la complejidad científica en valor empresarial. Su experiencia liderando procesos de alto riesgo, priorización estratégica y traducción de datos en productos de alcance global se vincula directamente con el título de su ponencia, ""Impulsa tu carrera estelar: gestión de innovación y crecimiento profesional"". A través de su intervención, Buscató conecta el rigor metodológico del entorno agrobiotecnológico con una dimensión personal, utilizando su propia trayectoria como una hoja de ruta práctica para demostrar cómo la gestión eficiente de la innovación y la superación de retos complejos son herramientas aplicables y necesarias para acelerar el desarrollo profesional y alinear el talento con el propósito de la organización.",businessBAC,Vegetal,Ponencia,2026/07/09,9:00:00,9:45:00,Sala d'Actes (C0),Universitat Autònoma de Barcelona,Español
evt_049,spk_033,Abel Cabezas,Cómo los procesos Biotech pueden ayudarnos a desarrollar los ingredientes del futuro,"La idea de la ponencia es alentar de las posibilidades de la Biotecnología en el desarrollo de nuevos procesos e ingredientes para la industria alimentaria. Son innumerables los ejemplos que podemos encontrar en el sector farma, pero en alimentación hay un gran campo por explorar, más aún en los tiempos actuales, y sobre todo en el área socio-económica en la que vivimos  en los que la ""calidad de los alimentos"" se impone a la ""cantidad"".",businessBAC,Alimentaria,Ponencia,2026/07/10,10:00:00,10:45:00,Sala d'Actes (C0),Universitat Autònoma de Barcelona,Español
evt_057,spk_035,Lara Cobacho,Driving Sustainable Biomanufacturing with SUT,"Lara Cobacho Lluesma, actual Sustainability Marketing Expert en Sartorius, cuenta con una sólida formación académica en Economía y Política de las Ciencias de la Vida orientada a la sostenibilidad por la Universidad Técnica de Múnich, y ha liderado alianzas estratégicas e iniciativas de sostenibilidad con grandes clientes biofarmacéuticos. Su trayectoria se vincula de manera directa con su ponencia, ""Driving Sustainable Biomanufacturing with SUT"", ya que su rol actual se centra precisamente en impulsar la comunicación estratégica y la defensa industrial del bioprocesamiento sostenible. A través de su intervención, Cobacho abordará cómo avanzar en la sostenibilidad de las tecnologías de un solo uso (SUT, por sus siglas en inglés) en la biofabricación, aportando su experiencia en iniciativas clave que mejoran la eficiencia de los procesos, promueven la circularidad y fomentan la colaboración en el sector.",businessBAC,Sostenibilidad,Ponencia,2026/07/09,12:00:00,12:45:00,Aula PEP Vendrell (C0/1434.),Universitat Autònoma de Barcelona,Español
evt_007,"cc_001, cc_002, cc_003, cc_004, cc_005, cc_006, cc_007, cc_008, cc_009, cc_010, cc_011, cc_012, cc_013, cc_014, cc_015","Eliana Carolina Bianucci Ovando, Jordi Saldo Periago, Antonio José Trujillo Mesa, Inmaculada Ponte Marull, Margarita Julià Sapé, Dr. Francesc Valero, Dr. Jordi Barbé, Olga Sánchez Martínez, Marc Bravo Bravo",Concurso de Pósteres — Estudios de grado y máster,"Cualquier asistente a BAC Barcelona 2026 con perfil científico tendrá la oportunidad de presentar de forma gratuita su trabajo en formato póster. En esta sección se podrán presentar los Trabajos de Fin de Grado, Trabajos de Fin de Máster y otros proyectos de investigación realizados en etapas previas al doctorado. El trabajo puede ser una revisión bibliográfica/metaanálisis, un trabajo original de investigación o un estudio demográfico u observacional, siempre que sea de interés desde el punto de vista de la biotecnología.",expoBAC,Desarrollo profesional,Presentación de poster,2026/07/08,11:30:00,12:30:00,Pasillo ExpoBAC,Universitat Autònoma de Barcelona,Español
evt_008,"cc_001, cc_002, cc_003, cc_004, cc_005, cc_006, cc_007, cc_008, cc_009, cc_010, cc_011, cc_012, cc_013, cc_014, cc_015","Eliana Carolina Bianucci Ovando, Jordi Saldo Periago, Antonio José Trujillo Mesa, Inmaculada Ponte Marull, Margarita Julià Sapé, Dr. Francesc Valero, Dr. Jordi Barbé, Olga Sánchez Martínez, Marc Bravo Bravo","Concurso de Pósteres — Doctorado, posdoctoral, industrial y no académico","Cualquier asistente a BAC Barcelona 2026 con perfil científico tendrá la oportunidad de presentar de forma gratuita su trabajo en formato póster. En esta sección se presentarán los trabajos de investigadores en etapas de doctorado y posteriores, así como otros proyectos realizados fuera del ámbito académico que tengan especial relevancia en la biotecnología. El trabajo puede ser una revisión bibliográfica/metaanálisis, un trabajo original de investigación o un estudio demográfico u observacional.",expoBAC,Desarrollo profesional,Presentación de poster,2026/07/08,11:30:00,12:30:00,Pasillo ExpoBAC,Universitat Autònoma de Barcelona,Español
evt_009,"cc_001, cc_002, cc_003, cc_004, cc_005, cc_006, cc_007, cc_008, cc_009, cc_010, cc_012, cc_013, cc_014","Eliana Carolina Bianucci Ovando, Jordi Saldo Periago, Antonio José Trujillo Mesa, Inmaculada Ponte Marull, Margarita Julià Sapé, Dr. Francesc Valero, Dr. Jordi Barbé, Olga Sánchez Martínez, Marc Bravo Bravo",Comunicaciones Orales — Estudios de grado y máster,"Cualquier asistente a BAC Barcelona 2026 con perfil científico tendrá la oportunidad de presentar de forma gratuita su trabajo en formato comunicación oral. En esta sección se podrán presentar los Trabajos de Fin de Grado, Trabajos de Fin de Máster y otros proyectos de investigación realizados en etapas previas al doctorado. El trabajo puede ser una revisión bibliográfica/metaanálisis, un trabajo original de investigación o un estudio demográfico u observacional, siempre que sea de interés desde el punto de vista de la biotecnología.",expoBAC,Desarrollo profesional,Presentación flash,2026/07/08,11:30:00,12:30:00,Sala d'Actes (C0),Universitat Autònoma de Barcelona,Español
evt_010,"cc_001, cc_002, cc_003, cc_004, cc_005, cc_006, cc_007, cc_008, cc_009, cc_010, cc_012, cc_013, cc_014","Eliana Carolina Bianucci Ovando, Jordi Saldo Periago, Antonio José Trujillo Mesa, Inmaculada Ponte Marull, Margarita Julià Sapé, Dr. Francesc Valero, Dr. Jordi Barbé, Olga Sánchez Martínez, Marc Bravo Bravo","Comunicaciones Orales — Doctorado, posdoctoral, industrial y no académico","Cualquier asistente a BAC Barcelona 2026 con perfil científico tendrá la oportunidad de presentar de forma gratuita su trabajo en formato comunicación oral. En esta sección se presentarán los trabajos de investigadores en etapas de doctorado y posteriores, así como otros proyectos realizados fuera del ámbito académico que tengan especial relevancia en la biotecnología. El trabajo puede ser una revisión bibliográfica/metaanálisis, un trabajo original de investigación o un estudio demográfico u observacional.",expoBAC,Desarrollo profesional,Presentación flash,2026/07/08,11:30:00,12:30:00,Sala d'Actes (C0),Universitat Autònoma de Barcelona,Español
evt_058,"biz_001, biz_002, biz_003, biz_005, biz_006, biz_009, biz_011, biz_012, biz_015, biz_018, biz_021, biz_020","Farmandome, PharmaX, ProteinTech, Sartorius, UdL, Hipra, UAB, CESIF, FEBIOTEC, FarmaLeaders, IQS, UVic, Kuhner",expoBAC: Visita a stands y networking,"Stands de expositores abiertos durante todo el congreso. Visita los stands de empresas e instituciones, recoge materiales y habla directamente con reclutadores y científicos del sector.",expoBAC,Biobusiness,Stand,2026/07/09,10:00:00,18:00:00,Espacio BusinessBAC (C1),Universitat Autònoma de Barcelona,Español
evt_059,"biz_001, biz_002, biz_003, biz_005, biz_006, biz_009, biz_011, biz_012, biz_015, biz_018, biz_021","Farmandome, PharmaX, ProteinTech, Sartorius, UdL, Hipra, UAB, CESIF, FEBIOTEC, FarmaLeaders, IQS, UVic",expoBAC: Visita a stands y networking,"Stands de expositores abiertos durante todo el congreso. Visita los stands de empresas e instituciones, recoge materiales y habla directamente con reclutadores y científicos del sector.",expoBAC,Biobusiness,Stand,2026/07/10,10:00:00,18:00:00,Espacio BusinessBAC (C1),Universitat Autònoma de Barcelona,Español
evt_060,"biz_001, biz_002, biz_003, biz_005, biz_006, biz_009, biz_011, biz_012, biz_015, biz_018, biz_021, biz_008","Farmandome, PharmaX, ProteinTech, Sartorius, UdL, Hipra, UAB, CESIF, FEBIOTEC, FarmaLeaders, IQS, UVic, BePharma",expoBAC: Visita a stands y networking,"Stands de expositores abiertos durante todo el congreso. Visita los stands de empresas e instituciones, recoge materiales y habla directamente con reclutadores y científicos del sector.",expoBAC,Biobusiness,Stand,2026/07/08,10:00:00,18:00:00,Espacio BusinessBAC (C1),Universitat Autònoma de Barcelona,Español
evt_061,,,Entrega de premios (cursos pharmavolution+merch sponsors),Se entregará un diploma personalizado a cada uno de los 4 ganadores y cada ganador podrá elegir 2 cursos de los ofertados,expoBAC,Biobusiness,Acto institucional,2026/07/10,14:15:00,15:00:00,Sala de Graus,Universitat Autònoma de Barcelona,Español
evt_067,"cc_001, cc_002, cc_003, cc_004, cc_005, cc_006, cc_007, cc_008, cc_009","Eliana Carolina Bianucci Ovando, Jordi Saldo Periago, Antonio José Trujillo Mesa, Inmaculada Ponte Marull, Margarita Julià Sapé, Dr. Francesc Valero, Dr. Jordi Barbé, Olga Sánchez Martínez, Marc Bravo Bravo",Concurso de Pósteres — Estudios de grado y máster,"Cualquier asistente a BAC Barcelona 2026 con perfil científico tendrá la oportunidad de presentar de forma gratuita su trabajo en formato póster. En esta sección se podrán presentar los Trabajos de Fin de Grado, Trabajos de Fin de Máster y otros proyectos de investigación realizados en etapas previas al doctorado. El trabajo puede ser una revisión bibliográfica/metaanálisis, un trabajo original de investigación o un estudio demográfico u observacional, siempre que sea de interés desde el punto de vista de la biotecnología.",expoBAC,"Desarrollo profesional, Biobusiness",Presentación de poster,2026/07/09,11:00:00,12:00:00,Pasillo ExpoBAC,Universitat Autònoma de Barcelona,Español
evt_068,"cc_001, cc_002, cc_003, cc_004, cc_005, cc_006, cc_007, cc_008, cc_009","Eliana Carolina Bianucci Ovando, Jordi Saldo Periago, Antonio José Trujillo Mesa, Inmaculada Ponte Marull, Margarita Julià Sapé, Dr. Francesc Valero, Dr. Jordi Barbé, Olga Sánchez Martínez, Marc Bravo Bravo","Concurso de Pósteres — Doctorado, posdoctoral, industrial y no académico","Cualquier asistente a BAC Barcelona 2026 con perfil científico tendrá la oportunidad de presentar de forma gratuita su trabajo en formato póster. En esta sección se presentarán los trabajos de investigadores en etapas de doctorado y posteriores, así como otros proyectos realizados fuera del ámbito académico que tengan especial relevancia en la biotecnología. El trabajo puede ser una revisión bibliográfica/metaanálisis, un trabajo original de investigación o un estudio demográfico u observacional.",expoBAC,"Desarrollo profesional, Biobusiness",Presentación de poster,2026/07/09,11:00:00,12:00:00,Pasillo ExpoBAC,Universitat Autònoma de Barcelona,Español
evt_069,"cc_001, cc_002, cc_003, cc_004, cc_005, cc_006, cc_007, cc_008, cc_009","Eliana Carolina Bianucci Ovando, Jordi Saldo Periago, Antonio José Trujillo Mesa, Inmaculada Ponte Marull, Margarita Julià Sapé, Dr. Francesc Valero, Dr. Jordi Barbé, Olga Sánchez Martínez, Marc Bravo Bravo",Comunicaciones Orales — Estudios de grado y máster,"Cualquier asistente a BAC Barcelona 2026 con perfil científico tendrá la oportunidad de presentar de forma gratuita su trabajo en formato comunicación oral. En esta sección se podrán presentar los Trabajos de Fin de Grado, Trabajos de Fin de Máster y otros proyectos de investigación realizados en etapas previas al doctorado. El trabajo puede ser una revisión bibliográfica/metaanálisis, un trabajo original de investigación o un estudio demográfico u observacional, siempre que sea de interés desde el punto de vista de la biotecnología.",expoBAC,"Desarrollo profesional, Biobusiness",Presentación flash,2026/07/09,11:00:00,12:00:00,Pasillo ExpoBAC,Universitat Autònoma de Barcelona,Español
evt_070,"cc_001, cc_002, cc_003, cc_004, cc_005, cc_006, cc_007, cc_008, cc_009","Eliana Carolina Bianucci Ovando, Jordi Saldo Periago, Antonio José Trujillo Mesa, Inmaculada Ponte Marull, Margarita Julià Sapé, Dr. Francesc Valero, Dr. Jordi Barbé, Olga Sánchez Martínez, Marc Bravo Bravo","Comunicaciones Orales — Doctorado, posdoctoral, industrial y no académico","Cualquier asistente a BAC Barcelona 2026 con perfil científico tendrá la oportunidad de presentar de forma gratuita su trabajo en formato comunicación oral. En esta sección se presentarán los trabajos de investigadores en etapas de doctorado y posteriores, así como otros proyectos realizados fuera del ámbito académico que tengan especial relevancia en la biotecnología. El trabajo puede ser una revisión bibliográfica/metaanálisis, un trabajo original de investigación o un estudio demográfico u observacional.",expoBAC,"Desarrollo profesional, Biobusiness",Presentación flash,2026/07/09,11:00:00,12:00:00,Pasillo ExpoBAC,Universitat Autònoma de Barcelona,Español
evt_001,,,Mesa inaugural,"La apertura oficial del BAC 2026. Palabras de bienvenida del presidente de ASBTEC, el presidente de FEBIOTEC y un representante de la Facultad de Biociencias de la UAB. Marca el comienzo de cinco días de ciencia, networking y desarrollo profesional.",General,No aplica,Acto institucional,2026/07/08,9:30:00,10:00:00,Sala de Graus,Universitat Autònoma de Barcelona,Español
evt_003,,,Mesa Clausura / Entrega de premios,"Palabras de cierre de la junta de ASBTEC, anuncio de la próxima asociación anfitriona del BAC y despedida a los participantes. Incluye un breve vídeo resumen de los mejores momentos del BAC 2026.",General,No aplica,Acto institucional,2026/07/10,14:15:00,15:00:00,Sala de Graus,Universitat Autònoma de Barcelona,Español
evt_036,,,Registro,Recogida de acreditaciones y material del congreso.,General,No aplica,Comidas y coffee breaks,2026/07/08,9:00:00,9:30:00,Exterior de la facultat de biociencies,Universitat Autònoma de Barcelona,Español
evt_037,,,Coffee break,Pausa para café y networking entre sesiones.,General,No aplica,Comidas y coffee breaks,2026/07/08,11:00:00,11:30:00,Espacio BusinessBAC (C1),Universitat Autònoma de Barcelona,Español
evt_038,,,Comida,Pausa para comer. Tiempo libre para networking.,General,No aplica,Comidas y coffee breaks,2026/07/08,14:00:00,15:00:00,Catering (C0),Universitat Autònoma de Barcelona,Español
evt_039,,,Coffee break,Pausa para café y networking entre sesiones.,General,No aplica,Comidas y coffee breaks,2026/07/09,10:30:00,11:00:00,Espacio BusinessBAC (C1),Universitat Autònoma de Barcelona,Español
evt_040,,,Comida,Pausa para comer. Tiempo libre para networking.,General,No aplica,Comidas y coffee breaks,2026/07/09,14:15:00,15:45:00,Catering (C0),Universitat Autònoma de Barcelona,Español
evt_041,,,Coffee break,Pausa para café y networking entre sesiones.,General,No aplica,Comidas y coffee breaks,2026/07/10,12:15:00,13:15:00,Espacio BusinessBAC (C1),Universitat Autònoma de Barcelona,Español
evt_004,spk_007,Alberto Prats Galino,Curso de Neurobioingenería: Introducción a la Tractografía,"Curso teórico-práctico dedicado a la tractografía por DTI, orientado a comprender en profundidad los fundamentos de la imagen por tensor de difusión y su aplicación en la reconstrucción de haces de sustancia blanca. En la parte teórica se revisarán las principales técnicas tractográficas, la interpretación de mapas de FA y mapas RGB, el cálculo de tensores a partir de estudios de DTI y el uso de ROIs mediante operaciones lógicas OR, AND y NOT. La parte práctica se desarrollará con el programa DtiStudio y consistirá en localizar, delimitar y reconstruir tractos, con especial atención al tracto corticoespinal, así como en la supresión de fibras aberrantes y la obtención de parámetros cuantitativos del fascículo, incluyendo la FA (Fractional Anisotropy).",viveBAC,"Salud, Computacional",Curso,2026/07/08,17:00:00,20:00:00,Aula PEP Vendrell (C0/1434.),Universitat Autònoma de Barcelona,Español
evt_005,spk_008,Ignasi Folch,Introducción a RStudio aplicado a datos ómicos,"En este taller aprenderás los fundamentos del lenguaje de programación R. Darás tus primeros pasos en la escritura y ejecución de código en RStudio, abarcando desde la importación y gestión de datos hasta el análisis estadístico y la visualización. Esta introducción intensiva culminará con el análisis de un conjunto de datos proteómicos real.",viveBAC,Computacional,Curso,2026/07/07,10:00:00,14:00:00,Aula PEP Vendrell (C0/1434.),Universitat Autònoma de Barcelona,Español
evt_006,spk_009,Carla López,Curso de Fecundación In Vitro y Reproducción Asistida “Hablemos de repro”,"El presente taller tiene como objetivo ofrecer una visión integral de la reproducción asistida, combinando fundamentos teóricos, reflexión crítica y aproximación práctica a técnicas clave empleadas en el ámbito de la biotecnología reproductiva. La actividad se estructura en dos bloques diferenciados: un bloque teórico y un bloque práctico, diseñados para facilitar tanto la adquisición de conocimientos como el desarrollo de habilidades técnicas básicas. <br><br>Bloque teórico <br>El bloque teórico comenzará con una actividad interactiva tipo Kahoot para evaluar los conocimientos previos de los participantes y fomentar su implicación desde el inicio. A continuación, se abordarán los principales conceptos relacionados con la infertilidad y las técnicas de fecundación in vitro (FIV), incluyendo una introducción general a los procedimientos más utilizados en reproducción asistida. Se profundizará específicamente en la FIV con donación de gametos, analizando sus indicaciones, implicaciones y particularidades. El taller incorporará también una perspectiva legal, presentando los aspectos fundamentales de la legislación en reproducción asistida y destacando",viveBAC,Salud,Curso,2026/07/07,16:00:00,20:00:00,Espacio BusinessBAC (C1),Universitat Autònoma de Barcelona,Español
evt_020,,,Visita al Sincrotón ALBA,"Descubre el instrumento científico más complejo de España. El Sincrotrón ALBA, situado en Cerdanyola del Vallès, es una infraestructura de investigación de tercera generación que funciona como un microscopio gigante. Acelerando electrones a velocidades cercanas a la de la luz, ALBA genera una luz extraordinariamente brillante que permite a los investigadores observar la estructura atómica y molecular de todo tipo de materiales. Durante este recorrido guiado, te adentrarás en las entrañas de esta fascinante instalación científica. De la mano de expertos, descubrirás cómo se produce esta luz de sincrotrón y cómo se aplica para resolver los grandes retos de nuestra sociedad en campos como la medicina, la biología, la ciencia de materiales y el medio ambiente.",viveBAC,"Sostenibilidad, Salud, Bio sintética, Computacional, Industrial",Visita,2026/07/07,15:00:00,17:00:00,Exterior de la facultat de biociencies,ALBA Synchrotron,Español
evt_021,spk_036,Luca Caprera,Curso dermocosmética y formulación galénica,"El curso de dermocosmética es un curso teórico-práctico que consiste, principalmente, en la introducción al sector cosmético a los estudiantes mediante la formulación de una crema con aceite de rosa mosqueta en el laboratorio, donde los estudiantes aprenderán conceptos básicos de la formulación galénica y los controles necesarios durante la elaboración del producto, mediante una explicación teórica por parte de profesionales y profesores del máster de Cosmética y Perfumería de IQS. <br><br> El aceite de rosa mosqueta es un aceite 100% natural, extraído por prensado frio, sin proceso químico, rico en omega 3 y 6, linoleico, vitamina A, E y antioxidantes como carotenoides, los cuales otorgan muchas propiedades, como: hidratar en profundidad, regenerar piel, reducir arrugas, cicatrices y manchas estimulando la producción de colágeno, además de que otorga un aroma muy suave a la crema.",viveBAC,Industrial,Curso,2026/07/07,17:00:00,20:00:00,Aula PEP Vendrell (C0/1434.),Universitat Autònoma de Barcelona,Español
evt_023,,,Inteligencia Artifical aplicada a biotecnología y desarrollo profesional,"La inteligencia artificial está transformando la forma en la que se investiga, se trabaja y se accede a oportunidades profesionales dentro del ámbito de la biotecnología. Sin embargo, la mayoría de usuarios se limita a un uso superficial de herramientas como ChatGPT, sin aprovechar su verdadero potencial. Esta actividad formativa tiene como objetivo proporcionar una visión clara, práctica y aplicable de la inteligencia artificial, y enseñar a los participantes a utilizarla como una herramienta estratégica tanto en su día a día académico/profesional como en el desarrollo de su carrera.<br><br>A lo largo de la sesión, los asistentes descubrirán cómo funciona realmente la IA más allá de ChatGPT, aprenderán a interactuar correctamente con estos sistemas mediante técnicas de prompting, explorarán aplicaciones reales en ciencia y productividad, y verán cómo integrar estas herramientas en la búsqueda de prácticas, empleo o doctorado. Además, se abordará el uso de la inteligencia artificial para optimizar el perfil profesional en LinkedIn, mejorar la comunicación con reclutadores y preparar procesos de selección de forma más eficiente.<br><br>La actividad está",viveBAC,"Desarrollo profesional, Bioética",Taller,2026/07/08,17:00:00,20:00:00,Sala d'Actes (C0),Universitat Autònoma de Barcelona,Español
evt_024,"spk_178, spk_179, spk_180, spk_181, spk_182","Gemma Marfany, Marco Mariotti, Aroa Casado, Luis G. Mérida",Debate: ¿El fin del Homo Sapiens? 🧬🧠 El Gran Cisma Biotecnológico,"¿Estamos diseñando nuestra propia divinidad o nuestra obsolescencia?<br><br>Ya no se trata solo de usar tecnología; estamos a un paso de ser la tecnología. La unión de la Inteligencia Artificial cerebral y la edición genética (CRISPR) nos sitúa ante el dilema ético más grande de nuestra historia: ¿Es la evolución un destino biológico o una decisión de mercado?<br><br>Aquí te dejo los 4 puntos clave para entender este ""Gran Cisma"":<br><br>1. ⚡ La Desigualdad Definitiva<br>Si el acceso a la ""mejora humana"" depende del patrimonio, no solo habrá brecha económica, sino segregación biológica. ¿Estamos creando una élite de súper-humanos frente a una clase ""natural"" que será vista como discapacitada o negligente?<br><br>2. 🧠 El Algoritmo del Deseo<br>Con una IA integrada en el cerebro para ""optimizar"" nuestras decisiones: ¿Dónde termina tu conciencia y dónde empieza el código? Si un software elimina tu capacidad de equivocarte, ¿sigue existiendo el libre albedrío o eres solo biomasa ejecutando un programa?<br><br>3. 🥀 El Valor de la Fragilidad<br>Si extirpamos la vulnerabilidad, la duda y, eventualmente, la muerte... ¿qué queda de la experiencia humana? ¿Es posible la ""vida buena""",viveBAC,"Bioética, Bio sintética, Salud, No aplica",Debate,2026/07/07,18:00:00,21:00:00,Auditori de Lletres,Universitat Autònoma de Barcelona,Español
evt_050,,,Biotechnoparty,"☢️ ALERTA DE RADIACIÓN: La Biotechnoparty alcanza su masa crítica ☢️
¡Olvida las batas y los protocolos por unas horas! En #BACBarcelona2026 sabemos que la verdadera ciencia también ocurre cuando los átomos chocan en la pista de baile. Ha llegado el momento de que la energía acumulada durante el congreso se libere en una reacción en cadena imparable.
Te presentamos la Biotechnoparty: Glow Evolution. Una noche de fisión social en el corazón de Barcelona, donde la radiactividad y la bioluminiscencia se funden para crear el ecosistema de conexión más vibrante del sector.
🔬 REACCIÓN EN CADENA: Beats & Bio-Networking
Hemos diseñado esta noche para que tu red de contactos crezca al ritmo de la música y la acción:
Vibración Fotónica (¡Mucha Música!): Nuestra pista de baile será el reactor principal. Con una selección musical de alta frecuencia, estudiantes, investigadores y líderes del sector sincronizarán sus energías. ¡Aquí el networking se hace bailando!
Dinámicas de Fisión (¡Muchas Actividades!): Nada de esperas pasivas. Prepárate para una sucesión de actividades explosivas —desde retos grupales hasta juegos de ingenio— diseñadas para romper el hielo y conectar con otros ""isótopos"" de forma natural.
Sincronización Bioluminiscente: Un entorno de interacción constante donde el brillo de las actividades facilita el intercambio de ideas. Es el momento de encontrar a tus próximos colaboradores bajo una luz totalmente nueva.
💡 DATOS DEL PROTOCOLO
Asegura tu estabilidad antes de que el aforo se desintegre:
📅 FECHA: 9 de JULIO.
📍 LUGAR: Sala La Nau
🎫 PLAZAS: ¡Atención! Solo hay disponibles poco más de 250 plazas.  Invita YA a tu compi de laboratorio que el tiempo de vida media de estas entradas es bajísimo, ¡no os quedéis fuera! 
🌟 TEMÁTICA: Glow Evolution. Trae algo que brille (neón, fluorescente o radiactivo) y prepárate para la mutación.
¡Porque el networking más potente es el que ocurre entre beats, risas y una energía radiactiva! 🍹🧪
📍 RESERVA TU ENTRADA ANTES DE LA DESINTEGRACIÓN TOTAL:
🔗 https://bac.febiotec.es/registro/
#BAC2026 #Biotechnoparty #AlertaDeRadiacion #BioNetworking #MusicaYCiencia #BarcelonaBiotec #GlowEvolution #Julio9 #ScienceAfterDark #NetworkingActivo",viveBAC,No aplica,Visita,2026/07/09,23:00:00,4:00:00,Exterior de la facultat de biociencies,La Nau - Local d'assaig,Español
evt_051,,,"
Visita a ROCHE: Sant Cugat como Hub estratégico","Visita técnica a Roche Sant Cugat, diseñada para ofrecer una visión global de la compañía y de su papel estratégico dentro de la organización. La jornada comenzará con una bienvenida y una presentación general, “The Big Picture”, en la que se expondrán la visión, el propósito y la cadena de valor de Roche España. A continuación, se abordará Roche Sant Cugat como hub estratégico, explicando el ecosistema del centro y su propuesta de valor. La actividad incluirá además un tour operativo por distintas áreas clave, como Coag Reagents (4.ª planta), RIS - Digital Solutions (3.ª planta), Regulatory QA, D&A (2.ª planta), RDS Coagulation Lab / GCS (1.ª planta) y el Training Center Lab (Tramuntana). La visita finalizará con un espacio de Q&A y networking, pensado para resolver dudas y favorecer el intercambio con el equipo de Roche.",viveBAC,No aplica,Visita,2026/07/07,14:00:00,18:00:00,Exterior de la facultat de biociencies,Roche Diagnostics SL,Español
evt_052,,,Visita al PRBB y el CRG,"Visita a cargo del Dr. Reimund Fickert, responsable de Comunicación y Relaciones Institucionales del PRBB, consiste en una presentación general del PRBB como ecosistema de investigación en ciencias de la vida y la biomedicina y un breve recorrido por las instalaciones. Todo ello con una duración de 1,5 h. A su vez se presentará una exposición sobre el CRG y su relevancia en la ciencia, así como oportunidades disponibles para los estudiantes.",viveBAC,No aplica,Visita,2026/07/07,10:00:00,12:00:00,Exterior de la facultat de biociencies,Barcelona Biomedical Research Park,Español
evt_053,,,Visita guiada Barcelona,Una visita por el centro histórico de Barcelona para conocer sus más grandes monumentos y escuchar todo lo que ciudad contal tiene por contarte. ,viveBAC,No aplica,Visita,2026/07/08,16:30:00,21:45:00,Exterior de la facultat de biociencies,Casa Batlló,Español
evt_054,spk_026,Marta Figa,Descubre y lidera el ciclo de vida de un producto farmacéutico con HIPRA,"¿Te has preguntado cómo viaja una idea desde el laboratorio hasta el mercado global? En este Workshop, Marta Figa (Strategic Projects Director en HIPRA) nos abrirá las puertas de una de las multinacionales biotecnológicas de referencia en Europa. Durante la sesión, conoceremos la estructura de la compañía y exploraremos el fascinante ciclo de vida de un producto farmacéutico con ejemplos reales, profundizando en el papel fundamental de las distintas áreas en I+D de una compañía en expansión. Más allá de la teoría, esta sesión te brindará la excelente oportunidad de aprender mediante la resolución de retos reales de la industria. Trabajando en equipos, analizaréis casos prácticos donde podréis desarrollar vuestra visión estratégica y fomentar soft skills clave para vuestro futuro profesional. La actividad culminará en una mesa redonda interactiva, donde cada grupo compartirá su solución, creando un espacio ideal para el aprendizaje colaborativo y el intercambio de ideas con una directiva experta del sector.
",viveBAC,Industrial,Taller,2026/07/08,17:00:00,20:00:00,Exterior de la facultat de biociencies,HIPRA,Español
evt_055,"spk_041, spk_040, spk_038, spk_039, spk_042","Jordi Martorell, Xavier Rovira, Juan Carlos Esteban Santos, Xavier Aldeguer, Rocío Vázquez (moderadora)",Biotech Meeting Point,"El Biotech Meeting Point es un espacio de encuentro para conectar estudiantes, profesionales, empresas e instituciones del sector biotecnológico. Su objetivo es fomentar el networking, compartir oportunidades y acercar el talento joven al ecosistema biotech.",viveBAC,Biobusiness,Speed Meeting,2026/07/09,9:00:00,11:00:00,Sala de Graus,Universitat Autònoma de Barcelona,Español
evt_056,,,Visita científica por Barcelona Ramón y Cajal,Una visita por los rincones icónicos en donde la ciencia tuvo sus más grandes hitos en la capital catalana.,viveBAC,No aplica,Visita,2026/07/08,16:30:00,21:30:00,Exterior de la facultat de biociencies,"Ramon y Cajal, 40",Español
evt_073,,Federico Álvarez Villareal,Taller de cerveza artesanal con Cervesa del Montseny,"Descripción del proceso cervesero, descripcion de la empresa y su funcionamiento, y una cata final.",viveBAC,Alimentaria,Taller,2026/07/07,10:00:00,14:00:00,Exterior de la facultat de biociencies,"Cervesa del Montseny, Tap Room",Español
,,,,,,,,,,,,,
,,,,,,,,,,,,,
Enlace al excel de bioBAC,,,,,,,,,,,,,
Consultar para detalle de biografía de ponentes y descripción de las charlas,,,,,,,,,,,,,
https://docs.google.com/spreadsheets/d/1IGMyaOGp7xbIisYCaTvPvOGGvHCauyjAlml3wIk97gA/edit?usp=sharing,,,,,,,,,,,,,
,,,,,,,,,,,,,
Enlace al excel de businessBAC,,,,,,,,,,,,,